<?xml version="1.0" encoding="UTF-8"?>
<!DOCTYPE configuration PUBLIC "-//mybatis.org/DTD Config 3.0//EN" "http://mybatis.org/dtd/mybatis-3-config.dtd" >
<configuration>
	
	<properties resource="./driver.properties"/>
	
	<settings>
		<setting name="jdbcTypeForNull" value="NULL" />
	</settings>
	
	<typeAliases>
		<typeAlias type="lecture.jdbc.vo.PeopleVO" alias="People" />
		<typeAlias type="lecture.jdbc.vo.BookVO" alias="BookVO" />
		<typeAlias type="lecture.jdbc.vo.BookInfVO" alias="BookInfVO" />
	</typeAliases>

	<environments default="development">
		<environment id="development">
			<transactionManager type="JDBC">
			</transactionManager>
			<dataSource type="POOLED">
					<property name="driver" value="${driver}" />
					<property name="url" value="${url}" />
					<property name="username" value="${user}" />
					<property name="password" value="${password}" />
			</dataSource>
		</environment>
	</environments>
	
	<!-- mapping된 SQL 구문이 있는 XML 파일에 대한 설정! -->	
	<mappers>
		<mapper resource="./sqlmap/People.xml"/>
		<mapper resource="./sqlmap/Book.xml"/>
		<mapper resource="./sqlmap/BookInf.xml"/>
	</mappers>
	
	
</configuration>
